"haim_665","1997-01-15"
"shlomo_744","2006-07-25"
"shlomo_368","1968-07-22"
"shlomo_412","1992-10-29"
"shlomo_908","2005-05-06"
"shlomo_86","1962-09-19"
"vasya_176","1984-06-26"
"haim_201","1992-12-19"
"shlomo_636","1978-03-08"
"benya_990","1987-11-09"
"vasya_84","1997-05-14"
"shlomo_184","1973-01-18"
"shlomo_991","1982-03-29"
"haim_262","2002-03-19"
"benya_24","1984-08-09"
"shlomo_504","1989-03-27"
"vasya_500","2005-03-29"
"haim_854","1966-10-01"
"vasya_311","1977-04-12"
"haim_510","1998-05-02"
"shlomo_725","1997-12-14"
"vasya_174","2004-03-04"
"shlomo_428","1986-03-18"
"haim_315","1998-05-25"
"shlomo_874","2004-07-05"
"shlomo_998","1996-07-13"
"haim_213","1967-05-04"
"shlomo_746","1988-03-21"
"vasya_645","2004-02-17"
"vasya_981","2004-04-08"
"benya_840","1991-07-07"
"benya_920","1975-03-05"
"shlomo_120","1965-05-29"
"haim_289","1968-10-16"
"shlomo_375","1965-05-22"
"benya_308","1987-05-21"
"vasya_440","1972-09-23"
"haim_389","1988-05-24"
"haim_446","1961-04-03"
"haim_119","1981-05-05"
"benya_464","1967-03-09"
"haim_186","1987-08-04"
"haim_803","2003-12-11"
"vasya_159","1991-10-15"
"benya_194","1973-04-06"
